﻿{"cameraMode":{"drawMode":0,"name":"Shaded","section":"Shading Mode"},"sceneLighting":true,"audioPlay":false,"sceneViewState":{"showFog":false,"showMaterialUpdate":false,"showSkybox":false,"showFlares":false,"showImageEffects":false,"showParticleSystems":false},"in2DMode":false,"pivot":{"x":32.34718322753906,"y":35.199607849121097,"z":44.333290100097659},"rotation":{"x":-0.1006983071565628,"y":0.8860646486282349,"z":-0.22843077778816224,"w":-0.3906004726886749},"size":40.010372161865237,"orthographic":false}